model,storage,grade,price,row,column
iPhone 11 128GB,128GB,,,365,"We can best price buy from Apple stores OEM unlocked, , but we need  receipt, cannot be blacklisted. Please ask us for the price."
iPhone 11 128GB,128GB,,,371,"We can best price buy from Apple stores OEM unlocked, , but we need  receipt, cannot be blacklisted. Please ask us for the price."
iPhone 11 256GB,256GB,,,366,"We can best price buy from Apple stores OEM unlocked, , but we need  receipt, cannot be blacklisted. Please ask us for the price."
iPhone 11 256GB,256GB,,,372,"We can best price buy from Apple stores OEM unlocked, , but we need  receipt, cannot be blacklisted. Please ask us for the price."
iPhone 11 64GB,64GB,,,364,"We can best price buy from Apple stores OEM unlocked, , but we need  receipt, cannot be blacklisted. Please ask us for the price."
iPhone 11 64GB,64GB,,,370,"We can best price buy from Apple stores OEM unlocked, , but we need  receipt, cannot be blacklisted. Please ask us for the price."
iPhone 11 Pro 256Gb,256GB,,,353,"We can best price buy from Apple stores OEM unlocked, , but we need  receipt, cannot be blacklisted. Please ask us for the price."
iPhone 11 Pro 256Gb,256GB,,,359,"We can best price buy from Apple stores OEM unlocked, , but we need  receipt, cannot be blacklisted. Please ask us for the price."
iPhone 11 Pro 512Gb,512GB,,,354,"We can best price buy from Apple stores OEM unlocked, , but we need  receipt, cannot be blacklisted. Please ask us for the price."
iPhone 11 Pro 512Gb,512GB,,,360,"We can best price buy from Apple stores OEM unlocked, , but we need  receipt, cannot be blacklisted. Please ask us for the price."
iPhone 11 Pro 64Gb,64GB,,,352,"We can best price buy from Apple stores OEM unlocked, , but we need  receipt, cannot be blacklisted. Please ask us for the price."
iPhone 11 Pro 64Gb,64GB,,,358,"We can best price buy from Apple stores OEM unlocked, , but we need  receipt, cannot be blacklisted. Please ask us for the price."
iPhone 11 Pro Max,,,,338,"We can best price buy from Apple stores OEM unlocked, , but we need  receipt, cannot be blacklisted. Please ask us for the price."
iPhone 11 Pro Max 256Gb,256GB,,,341,"We can best price buy from Apple stores OEM unlocked, , but we need  receipt, cannot be blacklisted. Please ask us for the price."
iPhone 11 Pro Max 256Gb,256GB,,,347,"We can best price buy from Apple stores OEM unlocked, , but we need  receipt, cannot be blacklisted. Please ask us for the price."
iPhone 11 Pro Max 512Gb,512GB,,,342,"We can best price buy from Apple stores OEM unlocked, , but we need  receipt, cannot be blacklisted. Please ask us for the price."
iPhone 11 Pro Max 512Gb,512GB,,,348,"We can best price buy from Apple stores OEM unlocked, , but we need  receipt, cannot be blacklisted. Please ask us for the price."
iPhone 11 Pro Max 64Gb,64GB,,,340,"We can best price buy from Apple stores OEM unlocked, , but we need  receipt, cannot be blacklisted. Please ask us for the price."
iPhone 11 Pro Max 64Gb,64GB,,,346,"We can best price buy from Apple stores OEM unlocked, , but we need  receipt, cannot be blacklisted. Please ask us for the price."
iPhone 12,,,,314,"We can best price buy from Apple stores OEM unlocked, , but we need  receipt, cannot be blacklisted. Please ask us for the price."
iPhone 12 128GB,128GB,,,317,"We can best price buy from Apple stores OEM unlocked, , but we need  receipt, cannot be blacklisted. Please ask us for the price."
iPhone 12 128GB,128GB,,,323,"We can best price buy from Apple stores OEM unlocked, , but we need  receipt, cannot be blacklisted. Please ask us for the price."
iPhone 12 256GB,256GB,,,318,"We can best price buy from Apple stores OEM unlocked, , but we need  receipt, cannot be blacklisted. Please ask us for the price."
iPhone 12 256GB,256GB,,,324,"We can best price buy from Apple stores OEM unlocked, , but we need  receipt, cannot be blacklisted. Please ask us for the price."
iPhone 12 64GB,64GB,,,316,"We can best price buy from Apple stores OEM unlocked, , but we need  receipt, cannot be blacklisted. Please ask us for the price."
iPhone 12 64GB,64GB,,,322,"We can best price buy from Apple stores OEM unlocked, , but we need  receipt, cannot be blacklisted. Please ask us for the price."
iPhone 12 Mini,,,,326,"We can best price buy from Apple stores OEM unlocked, , but we need  receipt, cannot be blacklisted. Please ask us for the price."
iPhone 12 Mini 128Gb,128GB,,,329,"We can best price buy from Apple stores OEM unlocked, , but we need  receipt, cannot be blacklisted. Please ask us for the price."
iPhone 12 Mini 128Gb,128GB,,,335,"We can best price buy from Apple stores OEM unlocked, , but we need  receipt, cannot be blacklisted. Please ask us for the price."
iPhone 12 Mini 256Gb,256GB,,,330,"We can best price buy from Apple stores OEM unlocked, , but we need  receipt, cannot be blacklisted. Please ask us for the price."
iPhone 12 Mini 256Gb,256GB,,,336,"We can best price buy from Apple stores OEM unlocked, , but we need  receipt, cannot be blacklisted. Please ask us for the price."
iPhone 12 Mini 64Gb,64GB,,,328,"We can best price buy from Apple stores OEM unlocked, , but we need  receipt, cannot be blacklisted. Please ask us for the price."
iPhone 12 Mini 64Gb,64GB,,,334,"We can best price buy from Apple stores OEM unlocked, , but we need  receipt, cannot be blacklisted. Please ask us for the price."
iPhone 12 Pro,,,,302,"We can best price buy from Apple stores OEM unlocked, , but we need  receipt, cannot be blacklisted. Please ask us for the price."
iPhone 12 Pro 128Gb,128GB,,,304,"We can best price buy from Apple stores OEM unlocked, , but we need  receipt, cannot be blacklisted. Please ask us for the price."
iPhone 12 Pro 128Gb,128GB,,,310,"We can best price buy from Apple stores OEM unlocked, , but we need  receipt, cannot be blacklisted. Please ask us for the price."
iPhone 12 Pro 256Gb,256GB,,,305,"We can best price buy from Apple stores OEM unlocked, , but we need  receipt, cannot be blacklisted. Please ask us for the price."
iPhone 12 Pro 256Gb,256GB,,,311,"We can best price buy from Apple stores OEM unlocked, , but we need  receipt, cannot be blacklisted. Please ask us for the price."
iPhone 12 Pro 512Gb,512GB,,,306,"We can best price buy from Apple stores OEM unlocked, , but we need  receipt, cannot be blacklisted. Please ask us for the price."
iPhone 12 Pro 512Gb,512GB,,,312,"We can best price buy from Apple stores OEM unlocked, , but we need  receipt, cannot be blacklisted. Please ask us for the price."
iPhone 12 Pro Max,,,,290,"We can best price buy from Apple stores OEM unlocked, , but we need  receipt, cannot be blacklisted. Please ask us for the price."
iPhone 12 Pro Max 128Gb,128GB,,,292,"We can best price buy from Apple stores OEM unlocked, , but we need  receipt, cannot be blacklisted. Please ask us for the price."
iPhone 12 Pro Max 128Gb,128GB,,,298,"We can best price buy from Apple stores OEM unlocked, , but we need  receipt, cannot be blacklisted. Please ask us for the price."
iPhone 12 Pro Max 256Gb,256GB,,,293,"We can best price buy from Apple stores OEM unlocked, , but we need  receipt, cannot be blacklisted. Please ask us for the price."
iPhone 12 Pro Max 256Gb,256GB,,,299,"We can best price buy from Apple stores OEM unlocked, , but we need  receipt, cannot be blacklisted. Please ask us for the price."
iPhone 12 Pro Max 512Gb,512GB,,,294,"We can best price buy from Apple stores OEM unlocked, , but we need  receipt, cannot be blacklisted. Please ask us for the price."
iPhone 12 Pro Max 512Gb,512GB,,,300,"We can best price buy from Apple stores OEM unlocked, , but we need  receipt, cannot be blacklisted. Please ask us for the price."
iPhone 13,,,,254,"We can best price buy from Apple stores OEM unlocked, , but we need  receipt, cannot be blacklisted. Please ask us for the price."
iPhone 13 128GB,128GB,,,256,"We can best price buy from Apple stores OEM unlocked, , but we need  receipt, cannot be blacklisted. Please ask us for the price."
iPhone 13 128GB,128GB,,,262,"We can best price buy from Apple stores OEM unlocked, , but we need  receipt, cannot be blacklisted. Please ask us for the price."
iPhone 13 256GB,256GB,,,257,"We can best price buy from Apple stores OEM unlocked, , but we need  receipt, cannot be blacklisted. Please ask us for the price."
iPhone 13 256GB,256GB,,,263,"We can best price buy from Apple stores OEM unlocked, , but we need  receipt, cannot be blacklisted. Please ask us for the price."
iPhone 13 512GB,512GB,,,258,"We can best price buy from Apple stores OEM unlocked, , but we need  receipt, cannot be blacklisted. Please ask us for the price."
iPhone 13 512GB,512GB,,,264,"We can best price buy from Apple stores OEM unlocked, , but we need  receipt, cannot be blacklisted. Please ask us for the price."
iPhone 13 Mini,,,,266,"We can best price buy from Apple stores OEM unlocked, , but we need  receipt, cannot be blacklisted. Please ask us for the price."
iPhone 13 Mini 128Gb,128GB,,,268,"We can best price buy from Apple stores OEM unlocked, , but we need  receipt, cannot be blacklisted. Please ask us for the price."
iPhone 13 Mini 128Gb,128GB,,,274,"We can best price buy from Apple stores OEM unlocked, , but we need  receipt, cannot be blacklisted. Please ask us for the price."
iPhone 13 Mini 256Gb,256GB,,,269,"We can best price buy from Apple stores OEM unlocked, , but we need  receipt, cannot be blacklisted. Please ask us for the price."
iPhone 13 Mini 256Gb,256GB,,,275,"We can best price buy from Apple stores OEM unlocked, , but we need  receipt, cannot be blacklisted. Please ask us for the price."
iPhone 13 Mini 512Gb,512GB,,,270,"We can best price buy from Apple stores OEM unlocked, , but we need  receipt, cannot be blacklisted. Please ask us for the price."
iPhone 13 Mini 512Gb,512GB,,,276,"We can best price buy from Apple stores OEM unlocked, , but we need  receipt, cannot be blacklisted. Please ask us for the price."
iPhone 13 Pro,,,,240,"We can best price buy from Apple stores OEM unlocked, , but we need  receipt, cannot be blacklisted. Please ask us for the price."
iPhone 13 Pro 128Gb,128GB,,,242,"We can best price buy from Apple stores OEM unlocked, , but we need  receipt, cannot be blacklisted. Please ask us for the price."
iPhone 13 Pro 128Gb,128GB,,,249,"We can best price buy from Apple stores OEM unlocked, , but we need  receipt, cannot be blacklisted. Please ask us for the price."
iPhone 13 Pro 1Tb,1TB,,,245,"We can best price buy from Apple stores OEM unlocked, , but we need  receipt, cannot be blacklisted. Please ask us for the price."
iPhone 13 Pro 1Tb,1TB,,,252,"We can best price buy from Apple stores OEM unlocked, , but we need  receipt, cannot be blacklisted. Please ask us for the price."
iPhone 13 Pro 256Gb,256GB,,,243,"We can best price buy from Apple stores OEM unlocked, , but we need  receipt, cannot be blacklisted. Please ask us for the price."
iPhone 13 Pro 256Gb,256GB,,,250,"We can best price buy from Apple stores OEM unlocked, , but we need  receipt, cannot be blacklisted. Please ask us for the price."
iPhone 13 Pro 512Gb,512GB,,,244,"We can best price buy from Apple stores OEM unlocked, , but we need  receipt, cannot be blacklisted. Please ask us for the price."
iPhone 13 Pro 512Gb,512GB,,,251,"We can best price buy from Apple stores OEM unlocked, , but we need  receipt, cannot be blacklisted. Please ask us for the price."
iPhone 13 Pro Max,,,,226,"We can best price buy from Apple stores OEM unlocked, , but we need  receipt, cannot be blacklisted. Please ask us for the price."
iPhone 13 Pro Max 128Gb,128GB,,,228,"We can best price buy from Apple stores OEM unlocked, , but we need  receipt, cannot be blacklisted. Please ask us for the price."
iPhone 13 Pro Max 128Gb,128GB,,,235,"We can best price buy from Apple stores OEM unlocked, , but we need  receipt, cannot be blacklisted. Please ask us for the price."
iPhone 13 Pro Max 1Tb,1TB,,,231,"We can best price buy from Apple stores OEM unlocked, , but we need  receipt, cannot be blacklisted. Please ask us for the price."
iPhone 13 Pro Max 1Tb,1TB,,,238,"We can best price buy from Apple stores OEM unlocked, , but we need  receipt, cannot be blacklisted. Please ask us for the price."
iPhone 13 Pro Max 256Gb,256GB,,,229,"We can best price buy from Apple stores OEM unlocked, , but we need  receipt, cannot be blacklisted. Please ask us for the price."
iPhone 13 Pro Max 256Gb,256GB,,,236,"We can best price buy from Apple stores OEM unlocked, , but we need  receipt, cannot be blacklisted. Please ask us for the price."
iPhone 13 Pro Max 512Gb,512GB,,,230,"We can best price buy from Apple stores OEM unlocked, , but we need  receipt, cannot be blacklisted. Please ask us for the price."
iPhone 13 Pro Max 512Gb,512GB,,,237,"We can best price buy from Apple stores OEM unlocked, , but we need  receipt, cannot be blacklisted. Please ask us for the price."
iPhone 14,,,,221,"We can best price buy from Apple stores OEM unlocked, , but we need  receipt, cannot be blacklisted. Please ask us for the price."
iPhone 14 Plus,,,,211,"We can best price buy from Apple stores OEM unlocked, , but we need  receipt, cannot be blacklisted. Please ask us for the price."
iPhone 14 Plus 128Gb   Red-40,128GB,,,208,"We can best price buy from Apple stores OEM unlocked, , but we need  receipt, cannot be blacklisted. Please ask us for the price."
iPhone 14 Plus 256Gb   Red-40,256GB,,,209,"We can best price buy from Apple stores OEM unlocked, , but we need  receipt, cannot be blacklisted. Please ask us for the price."
iPhone 14 Plus 512Gb   Red-40,512GB,,,210,"We can best price buy from Apple stores OEM unlocked, , but we need  receipt, cannot be blacklisted. Please ask us for the price."
iPhone 14 Pro,,,,200,"We can best price buy from Apple stores OEM unlocked, , but we need  receipt, cannot be blacklisted. Please ask us for the price."
iPhone 14 Pro Max Cricket-80 Flex,,,,188,"We can best price buy from Apple stores OEM unlocked, , but we need  receipt, cannot be blacklisted. Please ask us for the price."
iPhone 15,,,,177,"We can best price buy from Apple stores OEM unlocked, , but we need  receipt, cannot be blacklisted. Please ask us for the price."
iPhone 15 Plus,,,,167,"We can best price buy from Apple stores OEM unlocked, , but we need  receipt, cannot be blacklisted. Please ask us for the price."
iPhone 15 Plus 128Gb,128GB,,,164,"We can best price buy from Apple stores OEM unlocked, , but we need  receipt, cannot be blacklisted. Please ask us for the price."
iPhone 15 Plus 256Gb,256GB,,,165,"We can best price buy from Apple stores OEM unlocked, , but we need  receipt, cannot be blacklisted. Please ask us for the price."
iPhone 15 Plus 512Gb,512GB,,,166,"We can best price buy from Apple stores OEM unlocked, , but we need  receipt, cannot be blacklisted. Please ask us for the price."
iPhone 15 Pro,,,,156,"We can best price buy from Apple stores OEM unlocked, , but we need  receipt, cannot be blacklisted. Please ask us for the price."
iPhone 15 Pro Max Cricket-100,,,,141,"We can best price buy from Apple stores OEM unlocked, , but we need  receipt, cannot be blacklisted. Please ask us for the price."
iPhone 16,,,,118,"We can best price buy from Apple stores OEM unlocked, , but we need  receipt, cannot be blacklisted. Please ask us for the price."
iPhone 16,,,,128,"We can best price buy from Apple stores OEM unlocked, , but we need  receipt, cannot be blacklisted. Please ask us for the price."
iPhone 16 Plus,,,,108,"We can best price buy from Apple stores OEM unlocked, , but we need  receipt, cannot be blacklisted. Please ask us for the price."
iPhone 16 Plus 128Gb,128GB,,,105,"We can best price buy from Apple stores OEM unlocked, , but we need  receipt, cannot be blacklisted. Please ask us for the price."
iPhone 16 Plus 256Gb,256GB,,,106,"We can best price buy from Apple stores OEM unlocked, , but we need  receipt, cannot be blacklisted. Please ask us for the price."
iPhone 16 Plus 512Gb,512GB,,,107,"We can best price buy from Apple stores OEM unlocked, , but we need  receipt, cannot be blacklisted. Please ask us for the price."
iPhone 16 Pro,,,,97,"We can best price buy from Apple stores OEM unlocked, , but we need  receipt, cannot be blacklisted. Please ask us for the price."
iPhone 16 Pro Max Cricket-100,,,,81,"We can best price buy from Apple stores OEM unlocked, , but we need  receipt, cannot be blacklisted. Please ask us for the price."
iPhone 17,,,,69,"We can best price buy from Apple stores OEM unlocked, , but we need  receipt, cannot be blacklisted. Please ask us for the price."
iPhone 17 Pro,,,,50,"We can best price buy from Apple stores OEM unlocked, , but we need  receipt, cannot be blacklisted. Please ask us for the price."
iPhone 17 Pro Max Cricket-100,,,,35,"We can best price buy from Apple stores OEM unlocked, , but we need  receipt, cannot be blacklisted. Please ask us for the price."
iPhone 17Air,,,,60,"We can best price buy from Apple stores OEM unlocked, , but we need  receipt, cannot be blacklisted. Please ask us for the price."
iPhone 17Air 1Tb,1TB,,,59,"We can best price buy from Apple stores OEM unlocked, , but we need  receipt, cannot be blacklisted. Please ask us for the price."
iPhone 17Air 256Gb,256GB,,,57,"We can best price buy from Apple stores OEM unlocked, , but we need  receipt, cannot be blacklisted. Please ask us for the price."
iPhone 17Air 512Gb,512GB,,,58,"We can best price buy from Apple stores OEM unlocked, , but we need  receipt, cannot be blacklisted. Please ask us for the price."
iPhone Se 3Rd  128Gb,128GB,,,281,"We can best price buy from Apple stores OEM unlocked, , but we need  receipt, cannot be blacklisted. Please ask us for the price."
iPhone Se 3Rd  256Gb,256GB,,,282,"We can best price buy from Apple stores OEM unlocked, , but we need  receipt, cannot be blacklisted. Please ask us for the price."
iPhone Se 3Rd  64Gb,64GB,,,280,"We can best price buy from Apple stores OEM unlocked, , but we need  receipt, cannot be blacklisted. Please ask us for the price."
iPhone Se 3Rd 128Gb,128GB,,,287,"We can best price buy from Apple stores OEM unlocked, , but we need  receipt, cannot be blacklisted. Please ask us for the price."
iPhone Se 3Rd 256Gb,256GB,,,288,"We can best price buy from Apple stores OEM unlocked, , but we need  receipt, cannot be blacklisted. Please ask us for the price."
iPhone Se 3Rd 64Gb,64GB,,,286,"We can best price buy from Apple stores OEM unlocked, , but we need  receipt, cannot be blacklisted. Please ask us for the price."
